{
  "365": {
    "inputs": {
      "A or B": [
        "366",
        1
      ],
      "in": [
        "366",
        0
      ]
    },
    "class_type": "easy ab",
    "_meta": {
      "title": "A \u6216 B"
    }
  },
  "366": {
    "inputs": {
      "signal": [
        "4407",
        0
      ],
      "any_input": [
        "4407",
        0
      ]
    },
    "class_type": "ImpactIfNone",
    "_meta": {
      "title": "ImpactIfNone"
    }
  },
  "397": {
    "inputs": {
      "value": 421602945262567,
      "mode": true,
      "action": "randomize",
      "last_seed": 709339665501304
    },
    "class_type": "easy globalSeed",
    "_meta": {
      "title": "\u5168\u5c40\u968f\u673a\u79cd"
    }
  },
  "474": {
    "inputs": {
      "steps_total": [
        "3839",
        0
      ],
      "refiner_step": [
        "3839",
        1
      ],
      "cfg": [
        "3839",
        2
      ],
      "sampler_name": [
        "3839",
        3
      ],
      "scheduler": [
        "3839",
        4
      ]
    },
    "class_type": "KSampler Config (rgthree)",
    "_meta": {
      "title": "\u3010\u5e95\u56fe\u3011\u91c7\u6837\u53c2\u6570"
    }
  },
  "475": {
    "inputs": {
      "steps_total": [
        "3845",
        0
      ],
      "refiner_step": 30,
      "cfg": [
        "3845",
        1
      ],
      "sampler_name": [
        "3845",
        2
      ],
      "scheduler": [
        "3845",
        3
      ]
    },
    "class_type": "KSampler Config (rgthree)",
    "_meta": {
      "title": "\u3010\u8fed\u4ee3\u653e\u5927\u3011\u91c7\u6837\u53c2\u6570"
    }
  },
  "477": {
    "inputs": {
      "steps_total": [
        "3847",
        0
      ],
      "refiner_step": 30,
      "cfg": [
        "3847",
        1
      ],
      "sampler_name": [
        "3847",
        2
      ],
      "scheduler": [
        "3847",
        3
      ]
    },
    "class_type": "KSampler Config (rgthree)",
    "_meta": {
      "title": "\u3010\u901a\u7528\u653e\u5927\u3011\u91c7\u6837\u53c2\u6570"
    }
  },
  "478": {
    "inputs": {
      "steps_total": [
        "4080",
        0
      ],
      "refiner_step": 30,
      "cfg": [
        "4080",
        1
      ],
      "sampler_name": [
        "4080",
        2
      ],
      "scheduler": [
        "4080",
        3
      ]
    },
    "class_type": "KSampler Config (rgthree)",
    "_meta": {
      "title": "\u3010\u90e8\u4f4d\u7ec6\u5316\u3011\u91c7\u6837\u53c2\u6570"
    }
  },
  "482": {
    "inputs": {
      "model_name": [
        "4599",
        5
      ]
    },
    "class_type": "UpscaleModelLoader",
    "_meta": {
      "title": "\u3010\u5168\u5c40\u3011\u653e\u5927\u6a21\u578b\uff08\u5fc5\u4e0b\uff09"
    }
  },
  "1025": {
    "inputs": {
      "steps_total": [
        "3849",
        0
      ],
      "refiner_step": 30,
      "cfg": [
        "3849",
        1
      ],
      "sampler_name": [
        "3849",
        2
      ],
      "scheduler": [
        "3849",
        3
      ]
    },
    "class_type": "KSampler Config (rgthree)",
    "_meta": {
      "title": "\u3010\u5206\u5757\u653e\u5927\u3011\u91c7\u6837\u53c2\u6570"
    }
  },
  "1065": {
    "inputs": {
      "anything": [
        "365",
        1
      ]
    },
    "class_type": "easy cleanGpuUsed",
    "_meta": {
      "title": "\u6e05\u7406\u663e\u5b58\u5360\u7528"
    }
  },
  "1350": {
    "inputs": {
      "text_0": "bad quality,worst quality,low quality,worst detail,lowres,jpeg artifacts,bad anatomy,signature,watermark,copyright name,artist name,username",
      "text": [
        "1834",
        0
      ]
    },
    "class_type": "ShowText|pysssss",
    "_meta": {
      "title": "\u6700\u7ec8\u8d1f\u9762"
    }
  },
  "1464": {
    "inputs": {},
    "class_type": "ImpactIfNone",
    "_meta": {
      "title": "ImpactIfNone"
    }
  },
  "1571": {
    "inputs": {
      "text_0": "blue archive, ibuki \\(blue archive\\), 1girl, armband, asymmetrical hair, black coat, black hat, black ribbon, blonde hair, blue dress, blush, boots, bow, coat, collared shirt, crime prevention buzzer, demon girl, demon tail, demon wings, dress, hair ribbon, hat, hat bow, highres, long sleeves, military hat, neck ribbon, notice lines, one eye closed, open mouth, outline, oversized clothes, peaked cap, pinafore dress, pink bow, pleated dress, red armband, ribbon, shirt, side ponytail, signature, sleeveless, sleeveless dress, sleeves past fingers, sleeves past wrists, solo, tail, white outline, white shirt, wings, yellow boots, yellow eyes,",
      "text": [
        "3150",
        0
      ]
    },
    "class_type": "ShowText|pysssss",
    "_meta": {
      "title": "\u4e3b\u4f53\u6b63\u9762\u63d0\u793a\u8bcd"
    }
  },
  "1579": {
    "inputs": {
      "text_0": "blue archive, ibuki \\(blue archive\\), 1girl, armband, asymmetrical hair, black coat, black hat, black ribbon, blonde hair, blue dress, blush, boots, bow, coat, collared shirt, crime prevention buzzer, demon girl, demon tail, demon wings, dress, hair ribbon, hat, hat bow, highres, long sleeves, military hat, neck ribbon, notice lines, one eye closed, open mouth, outline, oversized clothes, peaked cap, pinafore dress, pink bow, pleated dress, red armband, ribbon, shirt, side ponytail, signature, sleeveless, sleeveless dress, sleeves past fingers, sleeves past wrists, solo, tail, white outline, white shirt, wings, yellow boots, yellow eyes, masterpiece, best quality, amazing quality, highres, absurdres, newest, very awa",
      "text": [
        "4512",
        0
      ]
    },
    "class_type": "ShowText|pysssss",
    "_meta": {
      "title": "\u6700\u7ec8\u6b63\u9762"
    }
  },
  "1832": {
    "inputs": {
      "positive": "blue archive, ibuki \\(blue archive\\), 1girl, armband, asymmetrical hair, black coat, black hat, black ribbon, blonde hair, blue dress, blush, boots, bow, coat, collared shirt, crime prevention buzzer, demon girl, demon tail, demon wings, dress, hair ribbon, hat, hat bow, highres, long sleeves, military hat, neck ribbon, notice lines, one eye closed, open mouth, outline, oversized clothes, peaked cap, pinafore dress, pink bow, pleated dress, red armband, ribbon, shirt, side ponytail, signature, sleeveless, sleeveless dress, sleeves past fingers, sleeves past wrists, solo, tail, white outline, white shirt, wings, yellow boots, yellow eyes,",
      "auto_random": false,
      "lora_str": "",
      "temp_str": "[{\"id\":\"token_1_1757669293769\",\"text\":\"blue archive\",\"translate\":\"\u84dd\u8272 archive\",\"isPunctuation\":false,\"isEditing\":false,\"isHidden\":false,\"color\":\"rgba(0, 255, 255, .4)\",\"isLoraTag\":false},{\"id\":\"token_2_1757669293769\",\"text\":\"ibuki \\\\(blue archive\\\\)\",\"translate\":\"ibuki \\\\(blue archive\\\\)\",\"isPunctuation\":false,\"isEditing\":false,\"isHidden\":false,\"color\":null,\"isLoraTag\":false},{\"id\":\"token_2_1751467959550\",\"text\":\"1girl\",\"translate\":\"1\u5973\u5b69\",\"isPunctuation\":false,\"isEditing\":false,\"isHidden\":false,\"color\":\"rgba(255, 123, 2, .4)\",\"isLoraTag\":false},{\"id\":\"token_3_1757669293769\",\"text\":\"armband\",\"translate\":\"\u8896\u7ae0(\u81c2\u5e26)\",\"isPunctuation\":false,\"isEditing\":false,\"isHidden\":false,\"color\":\"rgba(230, 84, 128, .4)\",\"isLoraTag\":false},{\"id\":\"token_4_1757669293769\",\"text\":\"asymmetrical hair\",\"translate\":\"asymmetrical hair\",\"isPunctuation\":false,\"isEditing\":false,\"isHidden\":false,\"color\":null,\"isLoraTag\":false},{\"id\":\"token_5_1757669293769\",\"text\":\"black coat\",\"translate\":\"\u9ed1\u8272 \u5916\u5957\",\"isPunctuation\":false,\"isEditing\":false,\"isHidden\":false,\"color\":\"rgba(0, 255, 255, .4)\",\"isLoraTag\":false},{\"id\":\"token_6_1757669293769\",\"text\":\"black hat\",\"translate\":\"\u9ed1\u8272 \u5e3d\u5b50\",\"isPunctuation\":false,\"isEditing\":false,\"isHidden\":false,\"color\":\"rgba(230, 84, 128, .4)\",\"isLoraTag\":false},{\"id\":\"token_7_1757669293769\",\"text\":\"black ribbon\",\"translate\":\"\u9ed1\u8272 \u4e1d\u5e26\",\"isPunctuation\":false,\"isEditing\":false,\"isHidden\":false,\"color\":\"rgba(230, 84, 128, .4)\",\"isLoraTag\":false},{\"id\":\"token_6_1757475590670\",\"text\":\"blonde hair\",\"translate\":\"\u91d1\u8272\u5934\u53d1\",\"isPunctuation\":false,\"isEditing\":false,\"isHidden\":false,\"color\":\"rgba(255, 123, 2, .4)\",\"isLoraTag\":false},{\"id\":\"token_44_1757475590671\",\"text\":\"blue dress\",\"translate\":\"\u84dd\u8272 \u8fde\u8863\u88d9\",\"isPunctuation\":false,\"isEditing\":false,\"isHidden\":false,\"color\":\"rgba(230, 84, 128, .4)\",\"isLoraTag\":false},{\"id\":\"token_4_1754035384923\",\"text\":\"blush\",\"translate\":\"\u8138\u7ea2\",\"isPunctuation\":false,\"isEditing\":false,\"isHidden\":false,\"color\":\"rgba(255, 123, 2, .4)\",\"isLoraTag\":false},{\"id\":\"token_8_1757669293769\",\"text\":\"boots\",\"translate\":\"\u9774\u5b50\",\"isPunctuation\":false,\"isEditing\":false,\"isHidden\":false,\"color\":\"rgba(230, 84, 128, .4)\",\"isLoraTag\":false},{\"id\":\"token_9_1757669293769\",\"text\":\"bow\",\"translate\":\"\u8774\u8776\u7ed3\",\"isPunctuation\":false,\"isEditing\":false,\"isHidden\":false,\"color\":null,\"isLoraTag\":false},{\"id\":\"token_10_1757669293769\",\"text\":\"coat\",\"translate\":\"\u5916\u5957\",\"isPunctuation\":false,\"isEditing\":false,\"isHidden\":false,\"color\":null,\"isLoraTag\":false},{\"id\":\"token_11_1757669293769\",\"text\":\"collared shirt\",\"translate\":\"collared \u886c\u886b\",\"isPunctuation\":false,\"isEditing\":false,\"isHidden\":false,\"color\":\"rgba(230, 84, 128, .4)\",\"isLoraTag\":false},{\"id\":\"token_12_1757669293769\",\"text\":\"crime prevention buzzer\",\"translate\":\"crime prevention buzzer\",\"isPunctuation\":false,\"isEditing\":false,\"isHidden\":false,\"color\":null,\"isLoraTag\":false},{\"id\":\"token_13_1757669293769\",\"text\":\"demon girl\",\"translate\":\"\u6076\u9b54 \u5973\u5b69\",\"isPunctuation\":false,\"isEditing\":false,\"isHidden\":false,\"color\":\"rgba(255, 123, 2, .4)\",\"isLoraTag\":false},{\"id\":\"token_14_1757669293769\",\"text\":\"demon tail\",\"translate\":\"\u6076\u9b54 \u5c3e\u5df4\",\"isPunctuation\":false,\"isEditing\":false,\"isHidden\":false,\"color\":null,\"isLoraTag\":false},{\"id\":\"token_15_1757669293769\",\"text\":\"demon wings\",\"translate\":\"\u6076\u9b54 \u7fc5\u8180\",\"isPunctuation\":false,\"isEditing\":false,\"isHidden\":false,\"color\":\"rgba(255, 123, 2, .4)\",\"isLoraTag\":false},{\"id\":\"token_42_1757475590671\",\"text\":\"dress\",\"translate\":\"\u8fde\u8863\u88d9\",\"isPunctuation\":false,\"isEditing\":false,\"isHidden\":false,\"color\":\"rgba(230, 84, 128, .4)\",\"isLoraTag\":false},{\"id\":\"token_16_1757669293769\",\"text\":\"hair ribbon\",\"translate\":\"hair \u4e1d\u5e26\",\"isPunctuation\":false,\"isEditing\":false,\"isHidden\":false,\"color\":\"rgba(230, 84, 128, .4)\",\"isLoraTag\":false},{\"id\":\"token_17_1757669293769\",\"text\":\"hat\",\"translate\":\"\u5e3d\u5b50\",\"isPunctuation\":false,\"isEditing\":false,\"isHidden\":false,\"color\":\"rgba(230, 84, 128, .4)\",\"isLoraTag\":false},{\"id\":\"token_18_1757669293769\",\"text\":\"hat bow\",\"translate\":\"\u5e3d\u5b50 \u8774\u8776\u7ed3\",\"isPunctuation\":false,\"isEditing\":false,\"isHidden\":false,\"color\":\"rgba(230, 84, 128, .4)\",\"isLoraTag\":false},{\"id\":\"token_19_1757669293769\",\"text\":\"highres\",\"translate\":\"\u9ad8\u5206\u8fa8\u7387\",\"isPunctuation\":false,\"isEditing\":false,\"isHidden\":false,\"color\":\"rgba(0, 255, 255, .4)\",\"isLoraTag\":false},{\"id\":\"token_20_1757669293769\",\"text\":\"long sleeves\",\"translate\":\"long sleeves\",\"isPunctuation\":false,\"isEditing\":false,\"isHidden\":false,\"color\":null,\"isLoraTag\":false},{\"id\":\"token_21_1757669293769\",\"text\":\"military hat\",\"translate\":\"\u519b\u88c5 \u5e3d\u5b50\",\"isPunctuation\":false,\"isEditing\":false,\"isHidden\":false,\"color\":\"rgba(230, 84, 128, .4)\",\"isLoraTag\":false},{\"id\":\"token_22_1757669293769\",\"text\":\"neck ribbon\",\"translate\":\"\u8116\u5b50 \u4e1d\u5e26\",\"isPunctuation\":false,\"isEditing\":false,\"isHidden\":false,\"color\":\"rgba(230, 84, 128, .4)\",\"isLoraTag\":false},{\"id\":\"token_23_1757669293769\",\"text\":\"notice lines\",\"translate\":\"notice lines\",\"isPunctuation\":false,\"isEditing\":false,\"isHidden\":false,\"color\":null,\"isLoraTag\":false},{\"id\":\"token_24_1757669293769\",\"text\":\"one eye closed\",\"translate\":\"one eye closed\",\"isPunctuation\":false,\"isEditing\":false,\"isHidden\":false,\"color\":null,\"isLoraTag\":false},{\"id\":\"token_25_1757669293769\",\"text\":\"open mouth\",\"translate\":\"\u5f20\u5634\",\"isPunctuation\":false,\"isEditing\":false,\"isHidden\":false,\"color\":\"rgba(255, 123, 2, .4)\",\"isLoraTag\":false},{\"id\":\"token_26_1757669293769\",\"text\":\"outline\",\"translate\":\"\u8f6e\u5ed3\u7ebf\",\"isPunctuation\":false,\"isEditing\":false,\"isHidden\":false,\"color\":\"rgba(0, 255, 255, .4)\",\"isLoraTag\":false},{\"id\":\"token_27_1757669293769\",\"text\":\"oversized clothes\",\"translate\":\"oversized \u8863\u670d\",\"isPunctuation\":false,\"isEditing\":false,\"isHidden\":false,\"color\":null,\"isLoraTag\":false},{\"id\":\"token_28_1757669293769\",\"text\":\"peaked cap\",\"translate\":\"peaked cap\",\"isPunctuation\":false,\"isEditing\":false,\"isHidden\":false,\"color\":null,\"isLoraTag\":false},{\"id\":\"token_29_1757669293769\",\"text\":\"pinafore dress\",\"translate\":\"pinafore \u8fde\u8863\u88d9\",\"isPunctuation\":false,\"isEditing\":false,\"isHidden\":false,\"color\":\"rgba(230, 84, 128, .4)\",\"isLoraTag\":false},{\"id\":\"token_30_1757669293769\",\"text\":\"pink bow\",\"translate\":\"\u7c89\u8272 \u8774\u8776\u7ed3\",\"isPunctuation\":false,\"isEditing\":false,\"isHidden\":false,\"color\":\"rgba(0, 255, 255, .4)\",\"isLoraTag\":false},{\"id\":\"token_31_1757669293769\",\"text\":\"pleated dress\",\"translate\":\"pleated \u8fde\u8863\u88d9\",\"isPunctuation\":false,\"isEditing\":false,\"isHidden\":false,\"color\":\"rgba(230, 84, 128, .4)\",\"isLoraTag\":false},{\"id\":\"token_32_1757669293769\",\"text\":\"red armband\",\"translate\":\"\u7ea2\u8272 \u8896\u7ae0(\u81c2\u5e26)\",\"isPunctuation\":false,\"isEditing\":false,\"isHidden\":false,\"color\":\"rgba(230, 84, 128, .4)\",\"isLoraTag\":false},{\"id\":\"token_33_1757669293769\",\"text\":\"ribbon\",\"translate\":\"\u4e1d\u5e26\",\"isPunctuation\":false,\"isEditing\":false,\"isHidden\":false,\"color\":\"rgba(230, 84, 128, .4)\",\"isLoraTag\":false},{\"id\":\"token_34_1757669293769\",\"text\":\"shirt\",\"translate\":\"\u886c\u886b\",\"isPunctuation\":false,\"isEditing\":false,\"isHidden\":false,\"color\":\"rgba(230, 84, 128, .4)\",\"isLoraTag\":false},{\"id\":\"token_35_1757669293769\",\"text\":\"side ponytail\",\"translate\":\"side \u9a6c\u5c3e\u8fab\",\"isPunctuation\":false,\"isEditing\":false,\"isHidden\":false,\"color\":\"rgba(255, 123, 2, .4)\",\"isLoraTag\":false},{\"id\":\"token_36_1757669293769\",\"text\":\"signature\",\"translate\":\"\u7b7e\u540d\",\"isPunctuation\":false,\"isEditing\":false,\"isHidden\":false,\"color\":null,\"isLoraTag\":false},{\"id\":\"token_37_1757669293769\",\"text\":\"sleeveless\",\"translate\":\"\u65e0\u8896\",\"isPunctuation\":false,\"isEditing\":false,\"isHidden\":false,\"color\":\"rgba(230, 84, 128, .4)\",\"isLoraTag\":false},{\"id\":\"token_38_1757669293769\",\"text\":\"sleeveless dress\",\"translate\":\"\u65e0\u8896 \u8fde\u8863\u88d9\",\"isPunctuation\":false,\"isEditing\":false,\"isHidden\":false,\"color\":\"rgba(230, 84, 128, .4)\",\"isLoraTag\":false},{\"id\":\"token_39_1757669293769\",\"text\":\"sleeves past fingers\",\"translate\":\"sleeves past fingers\",\"isPunctuation\":false,\"isEditing\":false,\"isHidden\":false,\"color\":null,\"isLoraTag\":false},{\"id\":\"token_40_1757669293769\",\"text\":\"sleeves past wrists\",\"translate\":\"sleeves past wrists\",\"isPunctuation\":false,\"isEditing\":false,\"isHidden\":false,\"color\":null,\"isLoraTag\":false},{\"id\":\"token_29_1757475590671\",\"text\":\"solo\",\"translate\":\"\u5355\u4eba\",\"isPunctuation\":false,\"isEditing\":false,\"isHidden\":false,\"color\":\"rgba(255, 123, 2, .4)\",\"isLoraTag\":false},{\"id\":\"token_31_1757475590671\",\"text\":\"tail\",\"translate\":\"\u5c3e\u5df4\",\"isPunctuation\":false,\"isEditing\":false,\"isHidden\":false,\"color\":null,\"isLoraTag\":false},{\"id\":\"token_41_1757669293769\",\"text\":\"white outline\",\"translate\":\"white \u8f6e\u5ed3\u7ebf\",\"isPunctuation\":false,\"isEditing\":false,\"isHidden\":false,\"color\":\"rgba(0, 255, 255, .4)\",\"isLoraTag\":false},{\"id\":\"token_42_1757669293769\",\"text\":\"white shirt\",\"translate\":\"white \u886c\u886b\",\"isPunctuation\":false,\"isEditing\":false,\"isHidden\":false,\"color\":\"rgba(230, 84, 128, .4)\",\"isLoraTag\":false},{\"id\":\"token_43_1757669293769\",\"text\":\"wings\",\"translate\":\"\u7fc5\u8180\",\"isPunctuation\":false,\"isEditing\":false,\"isHidden\":false,\"color\":\"rgba(255, 123, 2, .4)\",\"isLoraTag\":false},{\"id\":\"token_44_1757669293769\",\"text\":\"yellow boots\",\"translate\":\"\u9ec4\u8272 \u9774\u5b50\",\"isPunctuation\":false,\"isEditing\":false,\"isHidden\":false,\"color\":\"rgba(230, 84, 128, .4)\",\"isLoraTag\":false},{\"id\":\"token_45_1757669293769\",\"text\":\"yellow eyes\",\"translate\":\"\u9ec4\u8272\u773c\u775b\",\"isPunctuation\":false,\"isEditing\":false,\"isHidden\":false,\"color\":\"rgba(255, 123, 2, .4)\",\"isLoraTag\":false}]",
      "temp_lora_str": "",
      "random_template": "20250509_182442",
      "\u6253\u5f00\u63d0\u793a\u8bcd\u7f16\u8f91\u5668": "",
      "\u6253\u5f00Lora\u5806": ""
    },
    "class_type": "WeiLinPromptUI",
    "_meta": {
      "title": "\u6b63\u9762\u63d0\u793a\u8bcd\u7f16\u8f91\uff08\u4e0d\u518d\u63a8\u8350\u6b64\u8282\u70b9\u7684Lora\u5806\u529f\u80fd \u8bf7\u6539\u7528\u5de6\u4fa7\u7684Lora\u7ba1\u7406\u5668\uff09"
    }
  },
  "1834": {
    "inputs": {
      "positive": "bad quality,worst quality,low quality,worst detail,lowres,jpeg artifacts,bad anatomy,signature,watermark,copyright name,artist name,username",
      "auto_random": "",
      "lora_str": "",
      "temp_str": "",
      "temp_lora_str": "",
      "random_template": "",
      "\u6253\u5f00\u63d0\u793a\u8bcd\u7f16\u8f91\u5668": "",
      "\u6253\u5f00Lora\u5806": ""
    },
    "class_type": "WeiLinPromptUI",
    "_meta": {
      "title": "\u8d1f\u9762\u63d0\u793a\u8bcd\u7f16\u8f91"
    }
  },
  "2276": {
    "inputs": {
      "group_mode": true,
      "default_active": true,
      "allow_strength_adjustment": {
        "__value__": []
      },
      "toggle_trigger_words": {
        "__value__": []
      },
      "orinalMessage": "",
      "trigger_words": [
        "2295",
        2
      ]
    },
    "class_type": "TriggerWord Toggle (LoraManager)",
    "_meta": {
      "title": "Lora\u89e6\u53d1\u8bcd\u7ba1\u7406"
    }
  },
  "2295": {
    "inputs": {
      "text": "",
      "loras": {
        "__value__": []
      },
      "model": [
        "3699",
        0
      ],
      "clip": [
        "3699",
        1
      ]
    },
    "class_type": "Lora Loader (LoraManager)",
    "_meta": {
      "title": "Lora\u5806 / Lora\u52a0\u8f7d\u5668"
    }
  },
  "2340": {
    "inputs": {
      "seed": 421602945262567,
      "steps": [
        "477",
        0
      ],
      "cfg": [
        "477",
        2
      ],
      "sampler_name": [
        "477",
        3
      ],
      "scheduler": [
        "477",
        4
      ],
      "denoise": [
        "3847",
        4
      ],
      "model": [
        "3860",
        1
      ],
      "positive": [
        "3860",
        4
      ],
      "negative": [
        "3860",
        5
      ],
      "latent_image": [
        "4410",
        0
      ]
    },
    "class_type": "KSampler",
    "_meta": {
      "title": "K\u91c7\u6837\u5668 - \u901a\u7528\u653e\u5927"
    }
  },
  "2522": {
    "inputs": {
      "timeout": 600,
      "ontimeout": "send all",
      "tip": "\u9009\u62e9\u4f60\u6ee1\u610f\u7684\u5e95\u56fe\uff08\u53ef\u591a\u9009\uff09",
      "extra1": "1\u3001\u5982\u679c\u56fe\u50cf\u672a\u663e\u793a\u8bf7\u70b9\u51fbShow\u6309\u94ae",
      "extra2": "2\u3001\u9009\u62e9\u5b8c\u6bd5\u540e\u70b9\u51fbSend\u7ee7\u7eed",
      "extra3": "3\u3001\u70b9\u51fbCancel\u53d6\u6d88\u5f53\u524d\u6d41\u7a0b",
      "pick_list_start": 0,
      "pick_list": "",
      "video_frames": 1,
      "node_identifier": 112783,
      "images": [
        "365",
        0
      ]
    },
    "class_type": "Image Filter",
    "_meta": {
      "title": "\u56fe\u50cf\u9009\u62e9\u5668"
    }
  },
  "2527": {
    "inputs": {
      "method": "mkl",
      "strength": 1.0000000000000002,
      "multithread": true,
      "image_ref": [
        "3010",
        0
      ],
      "image_target": [
        "4412",
        0
      ]
    },
    "class_type": "ColorMatch",
    "_meta": {
      "title": "Color Match"
    }
  },
  "2528": {
    "inputs": {
      "images": [
        "3827",
        0
      ]
    },
    "class_type": "PreviewImage",
    "_meta": {
      "title": "\u9009\u4e2d\u5e95\u56fe\u9884\u89c8"
    }
  },
  "2547": {
    "inputs": {
      "images": [
        "2527",
        0
      ]
    },
    "class_type": "PreviewImage",
    "_meta": {
      "title": "\u9884\u89c8\u56fe\u50cf"
    }
  },
  "2760": {
    "inputs": {
      "controlnet_name": [
        "4599",
        6
      ]
    },
    "class_type": "easy controlnetNames",
    "_meta": {
      "title": "ControlNet\u540d\u79f0\u5217\u8868"
    }
  },
  "2848": {
    "inputs": {
      "width": [
        "3689",
        0
      ],
      "height": [
        "3689",
        1
      ],
      "batch_size": 1
    },
    "class_type": "EmptyLatentImage",
    "_meta": {
      "title": "\u6279\u6b21\u5927\u5c0f\u8bbe\u7f6e"
    }
  },
  "2856": {
    "inputs": {
      "model": [
        "3649:3209",
        0
      ],
      "clip": [
        "4542",
        1
      ],
      "vae": [
        "3699",
        2
      ],
      "positive": [
        "3626",
        0
      ],
      "negative": [
        "3649:2890",
        0
      ],
      "latent": [
        "2848",
        0
      ]
    },
    "class_type": "Context (rgthree)",
    "_meta": {
      "title": "Context (rgthree)"
    }
  },
  "3010": {
    "inputs": {
      "resize_scale": [
        "3847",
        5
      ],
      "resize_method": "lanczos",
      "upscale_model": [
        "482",
        0
      ],
      "image": [
        "3860",
        7
      ]
    },
    "class_type": "UpscaleImageByModelThenResize",
    "_meta": {
      "title": "Upscale Image By Model Then Resize"
    }
  },
  "3029": {
    "inputs": {
      "base_ctx": [
        "3260",
        0
      ],
      "model": [
        "3715:3714",
        0
      ],
      "clip": [
        "3260",
        2
      ],
      "vae": [
        "3260",
        3
      ],
      "positive": [
        "3260",
        4
      ],
      "negative": [
        "3260",
        5
      ],
      "latent": [
        "3652:3222",
        0
      ],
      "images": [
        "3652:3223",
        0
      ]
    },
    "class_type": "Context (rgthree)",
    "_meta": {
      "title": "\u9ed8\u8ba4\u4e0a\u4e0b\u6587"
    }
  },
  "3148": {
    "inputs": {},
    "class_type": "ImpactIfNone",
    "_meta": {
      "title": "ImpactIfNone"
    }
  },
  "3149": {
    "inputs": {
      "boolean": [
        "3148",
        1
      ],
      "on_true": [
        "3148",
        0
      ],
      "on_false": [
        "1832",
        0
      ]
    },
    "class_type": "easy ifElse",
    "_meta": {
      "title": "\u753b\u5eca\u9009\u56fe\u63d0\u793a\u8bcd\u5224\u7a7a"
    }
  },
  "3150": {
    "inputs": {
      "boolean": [
        "1464",
        1
      ],
      "on_true": [
        "1464",
        0
      ],
      "on_false": [
        "3149",
        0
      ]
    },
    "class_type": "easy ifElse",
    "_meta": {
      "title": "\u53cd\u63a8\u63d0\u793a\u8bcd\u5224\u7a7a"
    }
  },
  "3260": {
    "inputs": {
      "ctx_02": [
        "2856",
        0
      ]
    },
    "class_type": "Context Switch (rgthree)",
    "_meta": {
      "title": "Context Switch (rgthree)"
    }
  },
  "3476": {
    "inputs": {
      "selected_prompts": "masterpiece, best quality, amazing quality, highres, absurdres, newest, very awa",
      "prompt_selector": ""
    },
    "class_type": "PromptSelector",
    "_meta": {
      "title": "\u56fa\u5b9a\u6b63\u9762\u63d0\u793a\u8bcd\u3010\u540e\u7f00\u3011"
    }
  },
  "3509": {
    "inputs": {},
    "class_type": "ImpactIfNone",
    "_meta": {
      "title": "ImpactIfNone"
    }
  },
  "3510": {
    "inputs": {
      "boolean": [
        "3509",
        1
      ],
      "on_true": [
        "3509",
        0
      ],
      "on_false": [
        "3150",
        0
      ]
    },
    "class_type": "easy ifElse",
    "_meta": {
      "title": "\u662f\u5426\u5224\u65ad"
    }
  },
  "3542": {
    "inputs": {
      "steps_total": [
        "4002",
        0
      ],
      "refiner_step": 30,
      "cfg": [
        "4002",
        1
      ],
      "sampler_name": [
        "4002",
        2
      ],
      "scheduler": [
        "4002",
        3
      ]
    },
    "class_type": "KSampler Config (rgthree)",
    "_meta": {
      "title": "\u3010\u6f5c\u7a7a\u95f4\u653e\u5927\u3011\u91c7\u6837\u53c2\u6570"
    }
  },
  "3600": {
    "inputs": {
      "images": [
        "4407",
        0
      ]
    },
    "class_type": "PreviewImage",
    "_meta": {
      "title": "\u9884\u89c8\u56fe\u50cf"
    }
  },
  "3622": {
    "inputs": {},
    "class_type": "ImpactIfNone",
    "_meta": {
      "title": "ImpactIfNone"
    }
  },
  "3623": {
    "inputs": {
      "boolean": [
        "3622",
        1
      ],
      "on_true": [
        "3622",
        0
      ],
      "on_false": [
        "3510",
        0
      ]
    },
    "class_type": "easy ifElse",
    "_meta": {
      "title": "\u662f\u5426\u5224\u65ad"
    }
  },
  "3625": {
    "inputs": {
      "text": [
        "1834",
        0
      ],
      "clip": [
        "4542",
        1
      ]
    },
    "class_type": "CLIPTextEncode",
    "_meta": {
      "title": "CLIP\u6587\u672c\u7f16\u7801"
    }
  },
  "3626": {
    "inputs": {
      "text": [
        "4512",
        0
      ],
      "clip": [
        "4542",
        1
      ]
    },
    "class_type": "PCTextEncode",
    "_meta": {
      "title": "PC: Text Encode (no scheduling)"
    }
  },
  "3689": {
    "inputs": {
      "width": 832,
      "height": 1216
    },
    "class_type": "ResolutionMasterSimplify",
    "_meta": {
      "title": "\u5206\u8fa8\u7387\u5927\u5e08\u7b80\u5316\u7248 (Resolution Master Simplify)"
    }
  },
  "3690": {
    "inputs": {
      "\u6e05\u7406\u9017\u53f7 (cleanup_commas)": true,
      "\u6e05\u7406\u7a7a\u767d (cleanup_whitespace)": true,
      "\u79fb\u9664LoRA\u6807\u7b7e (remove_lora_tags)": true,
      "\u6e05\u7406\u6362\u884c (cleanup_newlines)": "\u9017\u53f7 (comma)",
      "\u4fee\u590d\u62ec\u53f7 (fix_brackets)": "\u4e24\u8005 (both)",
      "\u63d0\u793a\u8bcd\u683c\u5f0f\u5316 (prompt_formatting)": true,
      "\u4e0b\u5212\u7ebf\u8f6c\u7a7a\u683c (underscore_to_space)": true,
      "\u6743\u91cd\u8bed\u6cd5\u8865\u5168 (complete_weight_syntax)": true,
      "\u667a\u80fd\u62ec\u53f7\u8f6c\u4e49 (smart_bracket_escaping)": true,
      "\u6807\u51c6\u5316\u9017\u53f7 (standardize_commas)": true,
      "string": [
        "3277:3274",
        0
      ]
    },
    "class_type": "PromptCleaningMaid",
    "_meta": {
      "title": "\u63d0\u793a\u8bcd\u6e05\u6d01\u5973\u4ec6 (Prompt Cleaning Maid)"
    }
  },
  "3691": {
    "inputs": {
      "gmm_ui": ""
    },
    "class_type": "GroupMuteManager",
    "_meta": {
      "title": "\u6587\u751f\u56fe\u7ec4\u7ba1\u7406"
    }
  },
  "3693": {
    "inputs": {
      "gmm_ui": ""
    },
    "class_type": "GroupMuteManager",
    "_meta": {
      "title": "\u6587\u751f\u56fe\u9644\u52a0\u53ef\u9009\u529f\u80fd\u7ec4\u7ba1\u7406"
    }
  },
  "3694": {
    "inputs": {
      "gmm_ui": ""
    },
    "class_type": "GroupMuteManager",
    "_meta": {
      "title": "\u72ec\u7acb\u53ef\u9009\u529f\u80fd\u7ec4\u7ba1\u7406"
    }
  },
  "3699": {
    "inputs": {
      "ckpt_name": "Illustrious\\plantMilkModelSuite_hempII.safetensors",
      "vae_name": "Baked VAE",
      "clip_skip": -2
    },
    "class_type": "SimpleCheckpointLoaderWithName",
    "_meta": {
      "title": "\u9ed8\u8ba4\u5e95\u6a21"
    }
  },
  "3704": {
    "inputs": {
      "selected_prompts": "",
      "prompt_selector": ""
    },
    "class_type": "PromptSelector",
    "_meta": {
      "title": "\u56fa\u5b9a\u6b63\u9762\u63d0\u793a\u8bcd\u3010\u524d\u7f00\u3011"
    }
  },
  "3707": {
    "inputs": {
      "simple_image_compare_widget": {
        "images": [
          {
            "name": "A",
            "selected": true,
            "url": "/api/view?filename=simple_compare._temp_lrmgp_00001_.png&type=temp&subfolder=&rand=0.8230254280394285"
          },
          {
            "name": "B",
            "selected": true,
            "url": "/api/view?filename=simple_compare._temp_lrmgp_00002_.png&type=temp&subfolder=&rand=0.36351736047163785"
          }
        ]
      },
      "image_a": [
        "4685",
        0
      ],
      "image_b": [
        "2527",
        0
      ]
    },
    "class_type": "SimpleImageCompare",
    "_meta": {
      "title": "\u901a\u7528\u653e\u5927\u5bf9\u6bd4"
    }
  },
  "3823": {
    "inputs": {
      "images": [
        "3827",
        0
      ]
    },
    "class_type": "PreviewImage",
    "_meta": {
      "title": "\u9884\u89c8\u56fe\u50cf"
    }
  },
  "3827": {
    "inputs": {
      "boolean": [
        "4020",
        0
      ],
      "on_true": [
        "2522",
        0
      ],
      "on_false": [
        "365",
        0
      ]
    },
    "class_type": "easy ifElse",
    "_meta": {
      "title": "\u662f\u5426\u5224\u65ad"
    }
  },
  "3828": {
    "inputs": {
      "pcp_ui": ""
    },
    "class_type": "ParameterControlPanel",
    "_meta": {
      "title": "\u3010\u5168\u5c40\u3011\u53c2\u6570\u63a7\u5236\u9762\u677f"
    }
  },
  "3830": {
    "inputs": {
      "mnp_ui": ""
    },
    "class_type": "WorkflowDescription",
    "_meta": {
      "title": "\u5de5\u4f5c\u6d41\u8bf4\u660e (Workflow Description)"
    }
  },
  "3837": {
    "inputs": {
      "pcp_ui": ""
    },
    "class_type": "ParameterControlPanel",
    "_meta": {
      "title": "\u3010\u5e95\u56fe\u3011\u53c2\u6570\u63a7\u5236\u9762\u677f"
    }
  },
  "3839": {
    "inputs": {
      "parameters": [
        "3837",
        0
      ]
    },
    "class_type": "ParameterBreak",
    "_meta": {
      "title": "\u53c2\u6570\u5c55\u5f00 (Parameter Break)"
    }
  },
  "3840": {
    "inputs": {
      "pcp_ui": ""
    },
    "class_type": "ParameterControlPanel",
    "_meta": {
      "title": "\u3010\u6f5c\u7a7a\u95f4\u653e\u5927\u3011\u53c2\u6570\u63a7\u5236\u9762\u677f"
    }
  },
  "3844": {
    "inputs": {
      "pcp_ui": ""
    },
    "class_type": "ParameterControlPanel",
    "_meta": {
      "title": "\u3010\u8fed\u4ee3\u653e\u5927\u3011\u53c2\u6570\u63a7\u5236\u9762\u677f"
    }
  },
  "3845": {
    "inputs": {
      "parameters": [
        "3844",
        0
      ]
    },
    "class_type": "ParameterBreak",
    "_meta": {
      "title": "\u53c2\u6570\u5c55\u5f00 (Parameter Break)"
    }
  },
  "3846": {
    "inputs": {
      "pcp_ui": ""
    },
    "class_type": "ParameterControlPanel",
    "_meta": {
      "title": "\u3010\u901a\u7528\u653e\u5927\u3011\u53c2\u6570\u63a7\u5236\u9762\u677f"
    }
  },
  "3847": {
    "inputs": {
      "parameters": [
        "3846",
        0
      ]
    },
    "class_type": "ParameterBreak",
    "_meta": {
      "title": "\u53c2\u6570\u5c55\u5f00 (Parameter Break)"
    }
  },
  "3848": {
    "inputs": {
      "pcp_ui": ""
    },
    "class_type": "ParameterControlPanel",
    "_meta": {
      "title": "\u3010TTP\u5206\u5757\u653e\u5927\u3011\u53c2\u6570\u63a7\u5236\u9762\u677f"
    }
  },
  "3849": {
    "inputs": {
      "parameters": [
        "3848",
        0
      ]
    },
    "class_type": "ParameterBreak",
    "_meta": {
      "title": "\u53c2\u6570\u5c55\u5f00 (Parameter Break)"
    }
  },
  "3850": {
    "inputs": {
      "pcp_ui": ""
    },
    "class_type": "ParameterControlPanel",
    "_meta": {
      "title": "\u3010\u90e8\u4f4d\u7ec6\u5316\u3011\u53c2\u6570\u63a7\u5236\u9762\u677f"
    }
  },
  "3860": {
    "inputs": {
      "base_ctx": [
        "3868",
        0
      ],
      "model": [
        "3869:3714",
        0
      ],
      "clip": [
        "3868",
        2
      ],
      "vae": [
        "3868",
        3
      ],
      "latent": [
        "3868",
        6
      ],
      "images": [
        "3868",
        7
      ]
    },
    "class_type": "Context (rgthree)",
    "_meta": {
      "title": "Context (rgthree)"
    }
  },
  "3868": {
    "inputs": {
      "base_ctx": [
        "4583",
        0
      ],
      "images": [
        "4685",
        0
      ]
    },
    "class_type": "Context (rgthree)",
    "_meta": {
      "title": "Context (rgthree)"
    }
  },
  "3879": {
    "inputs": {
      "message": "\u901a\u7528\u653e\u5927\u5b8c\u6bd5",
      "volume": 0.5,
      "enable_notification": [
        "4599",
        7
      ],
      "enable_sound": [
        "4599",
        8
      ],
      "any": [
        "4644:4611",
        0
      ]
    },
    "class_type": "SimpleNotify",
    "_meta": {
      "title": "\u7b80\u6613\u901a\u77e5 (Simple Notify)"
    }
  },
  "4002": {
    "inputs": {
      "parameters": [
        "3840",
        0
      ]
    },
    "class_type": "ParameterBreak",
    "_meta": {
      "title": "\u53c2\u6570\u5c55\u5f00 (Parameter Break)"
    }
  },
  "4020": {
    "inputs": {
      "value": true
    },
    "class_type": "easy boolean",
    "_meta": {
      "title": "\u662f\u5426\u5f00\u542f\u56fe\u50cf\u9009\u62e9\u5f39\u7a97"
    }
  },
  "4080": {
    "inputs": {
      "parameters": [
        "3850",
        0
      ]
    },
    "class_type": "ParameterBreak",
    "_meta": {
      "title": "\u53c2\u6570\u5c55\u5f00 (Parameter Break)"
    }
  },
  "4277": {
    "inputs": {
      "enable": [
        "3839",
        7
      ],
      "filename_prefix": "%date:yyyy-MM-dd%/%date:hh-mm-ss%-%seed%_\u5e95\u56fe",
      "file_format": "PNG",
      "quality": 100,
      "embed_workflow": true,
      "save_clean_copy": false,
      "enable_preview": false,
      "images": [
        "4612:4611",
        0
      ],
      "positive_prompt": [
        "4512",
        0
      ],
      "negative_prompt": [
        "1834",
        0
      ],
      "lora_syntax": [
        "2295",
        3
      ],
      "checkpoint_name": [
        "3699",
        3
      ]
    },
    "class_type": "SaveImagePlus",
    "_meta": {
      "title": "\u4fdd\u5b58\u56fe\u50cf\u589e\u5f3a\u7248 (Save Image Plus)"
    }
  },
  "4283": {
    "inputs": {
      "enable": [
        "3847",
        11
      ],
      "filename_prefix": "%date:yyyy-MM-dd%/%date:hh-mm-ss%-%seed%_\u901a\u7528\u653e\u5927",
      "file_format": "PNG",
      "quality": 100,
      "embed_workflow": true,
      "save_clean_copy": false,
      "enable_preview": false,
      "images": [
        "2527",
        0
      ],
      "positive_prompt": [
        "4512",
        0
      ],
      "negative_prompt": [
        "1834",
        0
      ],
      "lora_syntax": [
        "2295",
        3
      ],
      "checkpoint_name": [
        "3699",
        3
      ]
    },
    "class_type": "SaveImagePlus",
    "_meta": {
      "title": "\u4fdd\u5b58\u56fe\u50cf\u589e\u5f3a\u7248 (Save Image Plus)"
    }
  },
  "4407": {
    "inputs": {
      "samples": [
        "4532",
        0
      ],
      "vae": [
        "4591",
        3
      ]
    },
    "class_type": "VAEDecode",
    "_meta": {
      "title": "VAE\u89e3\u7801"
    }
  },
  "4410": {
    "inputs": {
      "pixels": [
        "3010",
        0
      ],
      "vae": [
        "3860",
        3
      ]
    },
    "class_type": "VAEEncode",
    "_meta": {
      "title": "VAE\u7f16\u7801"
    }
  },
  "4412": {
    "inputs": {
      "samples": [
        "2340",
        0
      ],
      "vae": [
        "3860",
        3
      ]
    },
    "class_type": "VAEDecode",
    "_meta": {
      "title": "VAE\u89e3\u7801"
    }
  },
  "4509": {
    "inputs": {
      "string": [
        "2276",
        0
      ]
    },
    "class_type": "StringLength",
    "_meta": {
      "title": "Length"
    }
  },
  "4510": {
    "inputs": {
      "comparison": "a > 0",
      "a": [
        "4509",
        0
      ]
    },
    "class_type": "easy compare",
    "_meta": {
      "title": "\u6bd4\u8f83"
    }
  },
  "4511": {
    "inputs": {
      "separator": ", ",
      "prompt1": [
        "2276",
        0
      ],
      "prompt2": [
        "3690",
        0
      ]
    },
    "class_type": "easy promptConcat",
    "_meta": {
      "title": "\u63d0\u793a\u8bcd\u8054\u7ed3"
    }
  },
  "4512": {
    "inputs": {
      "boolean": [
        "4510",
        0
      ],
      "on_true": [
        "4511",
        0
      ],
      "on_false": [
        "3690",
        0
      ]
    },
    "class_type": "easy ifElse",
    "_meta": {
      "title": "\u662f\u5426\u5224\u65ad"
    }
  },
  "4528": {
    "inputs": {
      "ckpt_name": "Illustrious\\plantMilkModelSuite_hempII.safetensors",
      "vae_name": "Baked VAE",
      "clip_skip": -2
    },
    "class_type": "SimpleCheckpointLoaderWithName",
    "_meta": {
      "title": "Refiner/\u653e\u5927\u5e95\u6a21\uff08\u6ca1\u9700\u6c42\u6216\u5185\u5b58\u4e0d\u591f\u5c31\u9009\u8ddf\u4e0a\u9762\u4e00\u6837\u7684\uff09"
    }
  },
  "4529": {
    "inputs": {
      "add_noise": "enable",
      "noise_seed": 421602945262567,
      "steps": [
        "474",
        0
      ],
      "cfg": [
        "474",
        2
      ],
      "sampler_name": [
        "474",
        3
      ],
      "scheduler": [
        "474",
        4
      ],
      "start_at_step": 0,
      "end_at_step": [
        "4535",
        0
      ],
      "return_with_leftover_noise": "enable",
      "model": [
        "3029",
        1
      ],
      "positive": [
        "3029",
        4
      ],
      "negative": [
        "3029",
        5
      ],
      "latent_image": [
        "3029",
        6
      ]
    },
    "class_type": "KSamplerAdvanced",
    "_meta": {
      "title": "K\u91c7\u6837\u5668"
    }
  },
  "4532": {
    "inputs": {
      "add_noise": "disable",
      "noise_seed": 421602945262567,
      "steps": [
        "474",
        0
      ],
      "cfg": [
        "474",
        2
      ],
      "sampler_name": [
        "474",
        3
      ],
      "scheduler": [
        "474",
        4
      ],
      "start_at_step": [
        "4535",
        0
      ],
      "end_at_step": 10000,
      "return_with_leftover_noise": "disable",
      "model": [
        "4591",
        1
      ],
      "positive": [
        "3029",
        4
      ],
      "negative": [
        "3029",
        5
      ],
      "latent_image": [
        "4529",
        0
      ]
    },
    "class_type": "KSamplerAdvanced",
    "_meta": {
      "title": "K\u91c7\u6837\u5668 - Refiner"
    }
  },
  "4535": {
    "inputs": {
      "expression": "a - b",
      "a": [
        "474",
        0
      ],
      "b": [
        "474",
        1
      ]
    },
    "class_type": "MathExpression|pysssss",
    "_meta": {
      "title": "\u8ba1\u7b97\u4e2d\u95f4\u6b65\u9aa4"
    }
  },
  "4542": {
    "inputs": {
      "model": [
        "3699",
        0
      ],
      "lora_syntax": [
        "2295",
        3
      ],
      "clip": [
        "3699",
        1
      ]
    },
    "class_type": "LoRA Text Loader (LoraManager)",
    "_meta": {
      "title": "LoRA Text Loader (LoraManager)"
    }
  },
  "4565": {
    "inputs": {
      "model": [
        "4528",
        0
      ],
      "lora_syntax": [
        "2295",
        3
      ],
      "clip": [
        "4528",
        1
      ]
    },
    "class_type": "LoRA Text Loader (LoraManager)",
    "_meta": {
      "title": "LoRA Text Loader (LoraManager)"
    }
  },
  "4567": {
    "inputs": {
      "text": [
        "1834",
        0
      ],
      "clip": [
        "4565",
        1
      ]
    },
    "class_type": "CLIPTextEncode",
    "_meta": {
      "title": "CLIP\u6587\u672c\u7f16\u7801"
    }
  },
  "4568": {
    "inputs": {
      "text": [
        "4512",
        0
      ],
      "clip": [
        "4565",
        1
      ]
    },
    "class_type": "PCTextEncode",
    "_meta": {
      "title": "PC: Text Encode (no scheduling)"
    }
  },
  "4571": {
    "inputs": {
      "model": [
        "4566:3209",
        0
      ],
      "clip": [
        "4565",
        1
      ],
      "vae": [
        "4528",
        2
      ],
      "positive": [
        "4568",
        0
      ],
      "negative": [
        "4566:2890",
        0
      ],
      "latent": [
        "2848",
        0
      ]
    },
    "class_type": "Context (rgthree)",
    "_meta": {
      "title": "Context (rgthree)"
    }
  },
  "4583": {
    "inputs": {
      "model": [
        "4582:3209",
        0
      ],
      "clip": [
        "4586",
        1
      ],
      "vae": [
        "4528",
        2
      ],
      "positive": [
        "4588",
        0
      ],
      "negative": [
        "4582:2890",
        0
      ],
      "latent": [
        "2848",
        0
      ]
    },
    "class_type": "Context (rgthree)",
    "_meta": {
      "title": "Context (rgthree)"
    }
  },
  "4585": {
    "inputs": {
      "text": [
        "1834",
        0
      ],
      "clip": [
        "4586",
        1
      ]
    },
    "class_type": "CLIPTextEncode",
    "_meta": {
      "title": "CLIP\u6587\u672c\u7f16\u7801"
    }
  },
  "4586": {
    "inputs": {
      "model": [
        "4528",
        0
      ],
      "lora_syntax": [
        "2295",
        3
      ],
      "clip": [
        "4528",
        1
      ]
    },
    "class_type": "LoRA Text Loader (LoraManager)",
    "_meta": {
      "title": "LoRA Text Loader (LoraManager)"
    }
  },
  "4588": {
    "inputs": {
      "text": [
        "4512",
        0
      ],
      "clip": [
        "4586",
        1
      ]
    },
    "class_type": "CLIPTextEncode",
    "_meta": {
      "title": "CLIP\u6587\u672c\u7f16\u7801"
    }
  },
  "4591": {
    "inputs": {
      "base_ctx": [
        "4592",
        0
      ],
      "model": [
        "4594:3714",
        0
      ]
    },
    "class_type": "Context (rgthree)",
    "_meta": {
      "title": "Refiner\u4e0a\u4e0b\u6587"
    }
  },
  "4592": {
    "inputs": {
      "base_ctx": [
        "4571",
        0
      ]
    },
    "class_type": "Context (rgthree)",
    "_meta": {
      "title": "Refiner\u4e0a\u4e0b\u6587"
    }
  },
  "4599": {
    "inputs": {
      "parameters": [
        "3828",
        0
      ]
    },
    "class_type": "ParameterBreak",
    "_meta": {
      "title": "\u53c2\u6570\u5c55\u5f00 (Parameter Break)"
    }
  },
  "4600": {
    "inputs": {
      "message": "\u5e95\u56fe\u751f\u6210\u5b8c\u6bd5",
      "volume": 0.5,
      "enable_notification": [
        "4599",
        7
      ],
      "enable_sound": [
        "4599",
        8
      ],
      "any": [
        "4407",
        0
      ]
    },
    "class_type": "SimpleNotify",
    "_meta": {
      "title": "\u7b80\u6613\u901a\u77e5 (Simple Notify)"
    }
  },
  "4685": {
    "inputs": {
      "value_3": [
        "4612:4611",
        0
      ],
      "value_4": [
        "4599",
        10
      ]
    },
    "class_type": "SimpleValueSwitch",
    "_meta": {
      "title": "\u7b80\u6613\u503c\u5207\u6362 (Simple Value Switch)"
    }
  },
  "4612:4611": {
    "inputs": {
      "image": [
        "4612:4610",
        0
      ]
    },
    "class_type": "ImagePass",
    "_meta": {
      "title": "ImagePass"
    }
  },
  "4612:4612": {
    "inputs": {
      "image": [
        "3827",
        0
      ]
    },
    "class_type": "ImagePass",
    "_meta": {
      "title": "ImagePass"
    }
  },
  "4612:4607": {
    "inputs": {
      "aggressive": [
        "4599",
        3
      ],
      "image": [
        "4612:4612",
        0
      ]
    },
    "class_type": "FreeMemoryImage",
    "_meta": {
      "title": "Free Memory (Image)"
    }
  },
  "4612:4610": {
    "inputs": {
      "boolean": [
        "4599",
        2
      ],
      "on_true": [
        "4612:4607",
        0
      ],
      "on_false": [
        "4612:4612",
        0
      ]
    },
    "class_type": "easy ifElse",
    "_meta": {
      "title": "\u662f\u5426\u5224\u65ad"
    }
  },
  "3652:3215": {
    "inputs": {
      "base_ctx": [
        "3260",
        0
      ]
    },
    "class_type": "Context (rgthree)",
    "_meta": {
      "title": "Context (rgthree)"
    }
  },
  "3652:3221": {
    "inputs": {
      "tile_size": 1024,
      "overlap": 64,
      "temporal_size": 64,
      "temporal_overlap": 8,
      "pixels": [
        "4599",
        10
      ],
      "vae": [
        "3652:3215",
        3
      ]
    },
    "class_type": "VAEEncodeTiled",
    "_meta": {
      "title": "VAE\u7f16\u7801\uff08\u5206\u5757\uff09"
    }
  },
  "3652:3222": {
    "inputs": {
      "boolean": [
        "4599",
        9
      ],
      "on_true": [
        "3652:3221",
        0
      ],
      "on_false": [
        "3652:3215",
        6
      ]
    },
    "class_type": "easy ifElse",
    "_meta": {
      "title": "\u662f\u5426\u5224\u65ad"
    }
  },
  "3652:3223": {
    "inputs": {
      "boolean": [
        "4599",
        9
      ],
      "on_true": [
        "4599",
        10
      ],
      "on_false": [
        "3652:3215",
        7
      ]
    },
    "class_type": "easy ifElse",
    "_meta": {
      "title": "\u662f\u5426\u5224\u65ad"
    }
  },
  "3713:3030": {
    "inputs": {
      "model": [
        "3260",
        1
      ]
    },
    "class_type": "ModelPassThrough",
    "_meta": {
      "title": "ModelPass"
    }
  },
  "3713:2009": {
    "inputs": {
      "block_number": 3,
      "downscale_factor": 2,
      "start_percent": 0,
      "end_percent": 0.3500000000000001,
      "downscale_after_skip": true,
      "downscale_method": "bicubic",
      "upscale_method": "bicubic",
      "model": [
        "3713:3030",
        0
      ]
    },
    "class_type": "PatchModelAddDownscale",
    "_meta": {
      "title": "\u6536\u7f29\u6a21\u578bUNET\uff08Kohya Deep Shrink\uff09"
    }
  },
  "3713:2943:2271": {
    "inputs": {},
    "class_type": "ImpactIfNone",
    "_meta": {
      "title": "ImpactIfNone"
    }
  },
  "3713:2943:2943": {
    "inputs": {
      "operator": "and",
      "bool_a": [
        "3839",
        5
      ],
      "bool_b": [
        "3713:2943:2944",
        0
      ]
    },
    "class_type": "ImpactLogicalOperators",
    "_meta": {
      "title": "ImpactLogicalOperators"
    }
  },
  "3713:2943:2944": {
    "inputs": {
      "bool": [
        "3713:2943:2271",
        1
      ]
    },
    "class_type": "LogicNot",
    "_meta": {
      "title": "Not"
    }
  },
  "3713:2014": {
    "inputs": {
      "boolean": [
        "3713:2943:2943",
        0
      ],
      "on_true": [
        "3713:2009",
        0
      ],
      "on_false": [
        "3713:3030",
        0
      ]
    },
    "class_type": "easy ifElse",
    "_meta": {
      "title": "\u662f\u5426\u542f\u7528\u5927\u56fe\u76f4\u51fa\u6a21\u5f0f"
    }
  },
  "3713:3713": {
    "inputs": {
      "model": [
        "3713:2014",
        0
      ]
    },
    "class_type": "ModelPassThrough",
    "_meta": {
      "title": "ModelPass"
    }
  },
  "4595:3030": {
    "inputs": {
      "model": [
        "4592",
        1
      ]
    },
    "class_type": "ModelPassThrough",
    "_meta": {
      "title": "ModelPass"
    }
  },
  "4595:2009": {
    "inputs": {
      "block_number": 3,
      "downscale_factor": 2,
      "start_percent": 0,
      "end_percent": 0.3500000000000001,
      "downscale_after_skip": true,
      "downscale_method": "bicubic",
      "upscale_method": "bicubic",
      "model": [
        "4595:3030",
        0
      ]
    },
    "class_type": "PatchModelAddDownscale",
    "_meta": {
      "title": "\u6536\u7f29\u6a21\u578bUNET\uff08Kohya Deep Shrink\uff09"
    }
  },
  "4595:2943:2271": {
    "inputs": {},
    "class_type": "ImpactIfNone",
    "_meta": {
      "title": "ImpactIfNone"
    }
  },
  "4595:2943:2943": {
    "inputs": {
      "operator": "and",
      "bool_a": [
        "3839",
        5
      ],
      "bool_b": [
        "4595:2943:2944",
        0
      ]
    },
    "class_type": "ImpactLogicalOperators",
    "_meta": {
      "title": "ImpactLogicalOperators"
    }
  },
  "4595:2943:2944": {
    "inputs": {
      "bool": [
        "4595:2943:2271",
        1
      ]
    },
    "class_type": "LogicNot",
    "_meta": {
      "title": "Not"
    }
  },
  "4595:2014": {
    "inputs": {
      "boolean": [
        "4595:2943:2943",
        0
      ],
      "on_true": [
        "4595:2009",
        0
      ],
      "on_false": [
        "4595:3030",
        0
      ]
    },
    "class_type": "easy ifElse",
    "_meta": {
      "title": "\u662f\u5426\u542f\u7528\u5927\u56fe\u76f4\u51fa\u6a21\u5f0f"
    }
  },
  "4595:3713": {
    "inputs": {
      "model": [
        "4595:2014",
        0
      ]
    },
    "class_type": "ModelPassThrough",
    "_meta": {
      "title": "ModelPass"
    }
  },
  "3715:1114": {
    "inputs": {
      "object_to_patch": "diffusion_model",
      "residual_diff_threshold": 0.20000000000000004,
      "start": 0.20000000000000004,
      "end": 0.8000000000000002,
      "max_consecutive_cache_hits": 5,
      "model": [
        "3715:3022",
        0
      ]
    },
    "class_type": "ApplyFBCacheOnModel",
    "_meta": {
      "title": "Apply First Block Cache"
    }
  },
  "3715:1117": {
    "inputs": {
      "boolean": [
        "3839",
        6
      ],
      "on_true": [
        "3715:1114",
        0
      ],
      "on_false": [
        "3715:3022",
        0
      ]
    },
    "class_type": "easy ifElse",
    "_meta": {
      "title": "\u662f\u5426\u542f\u7528\u52a0\u901f"
    }
  },
  "3715:3022": {
    "inputs": {
      "model": [
        "3713:3713",
        0
      ]
    },
    "class_type": "ModelPassThrough",
    "_meta": {
      "title": "ModelPass"
    }
  },
  "3715:3714": {
    "inputs": {
      "model": [
        "3715:1117",
        0
      ]
    },
    "class_type": "ModelPassThrough",
    "_meta": {
      "title": "ModelPass"
    }
  },
  "3649:3206": {
    "inputs": {
      "Skimming_CFG": 5,
      "full_skim_negative": false,
      "disable_flipping_filter": false,
      "model": [
        "3649:2884",
        0
      ]
    },
    "class_type": "Skimmed CFG",
    "_meta": {
      "title": "Skimmed CFG"
    }
  },
  "3649:3209": {
    "inputs": {
      "model": [
        "3649:3207",
        0
      ]
    },
    "class_type": "ModelPassThrough",
    "_meta": {
      "title": "ModelPass"
    }
  },
  "3649:2889": {
    "inputs": {
      "start": 0,
      "end": [
        "4599",
        1
      ],
      "conditioning": [
        "3625",
        0
      ]
    },
    "class_type": "ConditioningSetTimestepRange",
    "_meta": {
      "title": "\u8bbe\u7f6e\u6761\u4ef6\u65f6\u95f4"
    }
  },
  "3649:2890": {
    "inputs": {
      "boolean": [
        "4599",
        0
      ],
      "on_true": [
        "3649:2889",
        0
      ],
      "on_false": [
        "3625",
        0
      ]
    },
    "class_type": "easy ifElse",
    "_meta": {
      "title": "\u662f\u5426\u542f\u7528\u8d1f\u9762\u6761\u4ef6\u52a0\u901f"
    }
  },
  "3649:3207": {
    "inputs": {
      "boolean": [
        "4599",
        4
      ],
      "on_true": [
        "3649:3206",
        0
      ],
      "on_false": [
        "3649:2884",
        0
      ]
    },
    "class_type": "easy ifElse",
    "_meta": {
      "title": "\u662f\u5426\u542f\u7528\u9ad8CFG\u652f\u6301"
    }
  },
  "3649:2884": {
    "inputs": {
      "boolean": [
        "4599",
        0
      ],
      "on_true": [
        "3649:2883",
        0
      ],
      "on_false": [
        "4542",
        0
      ]
    },
    "class_type": "easy ifElse",
    "_meta": {
      "title": "\u662f\u5426\u542f\u7528\u8d1f\u9762\u6761\u4ef6\u52a0\u901f"
    }
  },
  "3649:2883": {
    "inputs": {
      "method": "divide by CFG",
      "model": [
        "4542",
        0
      ]
    },
    "class_type": "Support empty uncond",
    "_meta": {
      "title": "Support empty uncond"
    }
  },
  "4566:2883": {
    "inputs": {
      "method": "divide by CFG",
      "model": [
        "4565",
        0
      ]
    },
    "class_type": "Support empty uncond",
    "_meta": {
      "title": "Support empty uncond"
    }
  },
  "4566:3206": {
    "inputs": {
      "Skimming_CFG": 5,
      "full_skim_negative": false,
      "disable_flipping_filter": false,
      "model": [
        "4566:2884",
        0
      ]
    },
    "class_type": "Skimmed CFG",
    "_meta": {
      "title": "Skimmed CFG"
    }
  },
  "4566:3209": {
    "inputs": {
      "model": [
        "4566:3207",
        0
      ]
    },
    "class_type": "ModelPassThrough",
    "_meta": {
      "title": "ModelPass"
    }
  },
  "4566:2889": {
    "inputs": {
      "start": 0,
      "end": [
        "4599",
        1
      ],
      "conditioning": [
        "4567",
        0
      ]
    },
    "class_type": "ConditioningSetTimestepRange",
    "_meta": {
      "title": "\u8bbe\u7f6e\u6761\u4ef6\u65f6\u95f4"
    }
  },
  "4566:2884": {
    "inputs": {
      "boolean": [
        "4599",
        0
      ],
      "on_true": [
        "4566:2883",
        0
      ],
      "on_false": [
        "4565",
        0
      ]
    },
    "class_type": "easy ifElse",
    "_meta": {
      "title": "\u662f\u5426\u542f\u7528\u8d1f\u9762\u6761\u4ef6\u52a0\u901f"
    }
  },
  "4566:3207": {
    "inputs": {
      "boolean": [
        "4599",
        4
      ],
      "on_true": [
        "4566:3206",
        0
      ],
      "on_false": [
        "4566:2884",
        0
      ]
    },
    "class_type": "easy ifElse",
    "_meta": {
      "title": "\u662f\u5426\u542f\u7528\u9ad8CFG\u652f\u6301"
    }
  },
  "4566:2890": {
    "inputs": {
      "boolean": [
        "4599",
        0
      ],
      "on_true": [
        "4566:2889",
        0
      ],
      "on_false": [
        "4567",
        0
      ]
    },
    "class_type": "easy ifElse",
    "_meta": {
      "title": "\u662f\u5426\u542f\u7528\u8d1f\u9762\u6761\u4ef6\u52a0\u901f"
    }
  },
  "4582:2883": {
    "inputs": {
      "method": "divide by CFG",
      "model": [
        "4586",
        0
      ]
    },
    "class_type": "Support empty uncond",
    "_meta": {
      "title": "Support empty uncond"
    }
  },
  "4582:3206": {
    "inputs": {
      "Skimming_CFG": 5,
      "full_skim_negative": false,
      "disable_flipping_filter": false,
      "model": [
        "4582:2884",
        0
      ]
    },
    "class_type": "Skimmed CFG",
    "_meta": {
      "title": "Skimmed CFG"
    }
  },
  "4582:3209": {
    "inputs": {
      "model": [
        "4582:3207",
        0
      ]
    },
    "class_type": "ModelPassThrough",
    "_meta": {
      "title": "ModelPass"
    }
  },
  "4582:2889": {
    "inputs": {
      "start": 0,
      "end": [
        "4599",
        1
      ],
      "conditioning": [
        "4585",
        0
      ]
    },
    "class_type": "ConditioningSetTimestepRange",
    "_meta": {
      "title": "\u8bbe\u7f6e\u6761\u4ef6\u65f6\u95f4"
    }
  },
  "4582:2884": {
    "inputs": {
      "boolean": [
        "4599",
        0
      ],
      "on_true": [
        "4582:2883",
        0
      ],
      "on_false": [
        "4586",
        0
      ]
    },
    "class_type": "easy ifElse",
    "_meta": {
      "title": "\u662f\u5426\u542f\u7528\u8d1f\u9762\u6761\u4ef6\u52a0\u901f"
    }
  },
  "4582:3207": {
    "inputs": {
      "boolean": [
        "4599",
        4
      ],
      "on_true": [
        "4582:3206",
        0
      ],
      "on_false": [
        "4582:2884",
        0
      ]
    },
    "class_type": "easy ifElse",
    "_meta": {
      "title": "\u662f\u5426\u542f\u7528\u9ad8CFG\u652f\u6301"
    }
  },
  "4582:2890": {
    "inputs": {
      "boolean": [
        "4599",
        0
      ],
      "on_true": [
        "4582:2889",
        0
      ],
      "on_false": [
        "4585",
        0
      ]
    },
    "class_type": "easy ifElse",
    "_meta": {
      "title": "\u662f\u5426\u542f\u7528\u8d1f\u9762\u6761\u4ef6\u52a0\u901f"
    }
  },
  "4594:1114": {
    "inputs": {
      "object_to_patch": "diffusion_model",
      "residual_diff_threshold": 0.20000000000000004,
      "start": 0.20000000000000004,
      "end": 0.8000000000000002,
      "max_consecutive_cache_hits": 5,
      "model": [
        "4594:3022",
        0
      ]
    },
    "class_type": "ApplyFBCacheOnModel",
    "_meta": {
      "title": "Apply First Block Cache"
    }
  },
  "4594:1117": {
    "inputs": {
      "boolean": [
        "3839",
        6
      ],
      "on_true": [
        "4594:1114",
        0
      ],
      "on_false": [
        "4594:3022",
        0
      ]
    },
    "class_type": "easy ifElse",
    "_meta": {
      "title": "\u662f\u5426\u542f\u7528\u52a0\u901f"
    }
  },
  "4594:3022": {
    "inputs": {
      "model": [
        "4595:3713",
        0
      ]
    },
    "class_type": "ModelPassThrough",
    "_meta": {
      "title": "ModelPass"
    }
  },
  "4594:3714": {
    "inputs": {
      "model": [
        "4594:1117",
        0
      ]
    },
    "class_type": "ModelPassThrough",
    "_meta": {
      "title": "ModelPass"
    }
  },
  "3869:1114": {
    "inputs": {
      "object_to_patch": "diffusion_model",
      "residual_diff_threshold": 0.20000000000000004,
      "start": 0,
      "end": 1,
      "max_consecutive_cache_hits": -1,
      "model": [
        "3869:3022",
        0
      ]
    },
    "class_type": "ApplyFBCacheOnModel",
    "_meta": {
      "title": "Apply First Block Cache"
    }
  },
  "3869:1117": {
    "inputs": {
      "boolean": [
        "3847",
        10
      ],
      "on_true": [
        "3869:1114",
        0
      ],
      "on_false": [
        "3869:3022",
        0
      ]
    },
    "class_type": "easy ifElse",
    "_meta": {
      "title": "\u662f\u5426\u542f\u7528\u52a0\u901f"
    }
  },
  "3869:3022": {
    "inputs": {
      "model": [
        "3868",
        1
      ]
    },
    "class_type": "ModelPassThrough",
    "_meta": {
      "title": "ModelPass"
    }
  },
  "3869:3714": {
    "inputs": {
      "model": [
        "3869:1117",
        0
      ]
    },
    "class_type": "ModelPassThrough",
    "_meta": {
      "title": "ModelPass"
    }
  },
  "3277:3276": {
    "inputs": {
      "value": [
        "3623",
        0
      ]
    },
    "class_type": "PrimitiveString",
    "_meta": {
      "title": "\u5b57\u7b26\u4e32"
    }
  },
  "3277:3273": {
    "inputs": {
      "separator": ",",
      "prompt1": [
        "3704",
        0
      ],
      "prompt2": [
        "3277:3276",
        0
      ]
    },
    "class_type": "easy promptConcat",
    "_meta": {
      "title": "\u9644\u52a0\u524d\u7f00"
    }
  },
  "3277:3274": {
    "inputs": {
      "separator": ",",
      "prompt1": [
        "3277:3273",
        0
      ],
      "prompt2": [
        "3476",
        0
      ]
    },
    "class_type": "easy promptConcat",
    "_meta": {
      "title": "\u9644\u52a0\u540e\u7f00"
    }
  },
  "4644:4611": {
    "inputs": {
      "image": [
        "4644:4610",
        0
      ]
    },
    "class_type": "ImagePass",
    "_meta": {
      "title": "ImagePass"
    }
  },
  "4644:4612": {
    "inputs": {
      "image": [
        "2527",
        0
      ]
    },
    "class_type": "ImagePass",
    "_meta": {
      "title": "ImagePass"
    }
  },
  "4644:4607": {
    "inputs": {
      "aggressive": [
        "4599",
        3
      ],
      "image": [
        "4644:4612",
        0
      ]
    },
    "class_type": "FreeMemoryImage",
    "_meta": {
      "title": "Free Memory (Image)"
    }
  },
  "4644:4610": {
    "inputs": {
      "boolean": [
        "4599",
        2
      ],
      "on_true": [
        "4644:4607",
        0
      ],
      "on_false": [
        "4644:4612",
        0
      ]
    },
    "class_type": "easy ifElse",
    "_meta": {
      "title": "\u662f\u5426\u5224\u65ad"
    }
  }
}