{
  "comfyui": "59afc3984868289f808d02fa5cd180edfb2de240",
  "git_custom_nodes": {
    "https://github.com/chrisgoringe/cg-image-filter": {
      "hash": "956a7bda4a6c5abc335acee5ce38eadd43e1d1d9",
      "disabled": false
    },
    "https://github.com/chengzeyi/Comfy-WaveSpeed": {
      "hash": "8253745127785d820cff0a9621d1537a5aae5424",
      "disabled": false
    },
    "https://github.com/Aaalice233/ComfyUI-Aaalice-Pack-Unpack-Tool.git": {
      "hash": "4be511860a0dcc97c498c7d770148d3294e4f6f2",
      "disabled": false
    },
    "https://github.com/Kosinkadink/ComfyUI-Advanced-ControlNet": {
      "hash": "2bde95a468ce5fd3959f646258606ae221fa1e17",
      "disabled": false
    },
    "https://github.com/pythongosssss/ComfyUI-Custom-Scripts": {
      "hash": "f2838ed5e59de4d73cde5c98354b87a8d3200190",
      "disabled": false
    },
    "https://github.com/Aaalice233/ComfyUI-Danbooru-Gallery": {
      "hash": "30a38733ab9a09f0cd4330691155b90591dc7cf2",
      "disabled": false
    },
    "https://github.com/yolain/ComfyUI-Easy-Use": {
      "hash": "e900c2ca9c0d90b0896881910ca7f3f02d88ebd8",
      "disabled": false
    },
    "https://github.com/ShmuelRonen/ComfyUI-FreeMemory": {
      "hash": "44fc13f97feec9fdb50ccf342ad64eeb52a95512",
      "disabled": false
    },
    "https://github.com/city96/ComfyUI-GGUF": {
      "hash": "01f8845bf30d89fff293c7bd50187bc59d9d53ea",
      "disabled": false
    },
    "https://github.com/ltdrdata/ComfyUI-Impact-Pack": {
      "hash": "61bd8397a18e7e7668e6a24e95168967768c2bed",
      "disabled": false
    },
    "https://github.com/ltdrdata/ComfyUI-Impact-Subpack": {
      "hash": "50c7b71a6a224734cc9b21963c6d1926816a97f1",
      "disabled": false
    },
    "https://github.com/lquesada/ComfyUI-Inpaint-CropAndStitch": {
      "hash": "a5fbe06f766ec237f304fb65bb94c0f255060109",
      "disabled": false
    },
    "https://github.com/ltdrdata/ComfyUI-Inspire-Pack": {
      "hash": "d23db9aa544de9a6d4c609cb7005fa9e0d42031d",
      "disabled": false
    },
    "https://github.com/kijai/ComfyUI-KJNodes": {
      "hash": "62a862db37d77a9a2e7611f638f9ff151a24fdec",
      "disabled": false
    },
    "https://github.com/willmiao/ComfyUI-Lora-Manager": {
      "hash": "40cd2e23ac42c99a98101f9c4ad7df915e8961e7",
      "disabled": false
    },
    "https://github.com/ltdrdata/ComfyUI-Manager": {
      "hash": "5c475e3c157336ee5bcd4d51d50fa1a301c401b5",
      "disabled": false
    },
    "https://github.com/asagi4/comfyui-prompt-control": {
      "hash": "66fef1ffe868fa0bf70fe86ba18d102089aed0ed",
      "disabled": false
    },
    "https://github.com/neverbiasu/ComfyUI-SAM2": {
      "hash": "6232f26136b2945f1aef576b8e41a12c3e17c829",
      "disabled": false
    },
    "https://github.com/pythongosssss/ComfyUI-WD14-Tagger": {
      "hash": "9e0a6e700299182fc05c58b62e7ad9f72182a78b",
      "disabled": false
    },
    "https://github.com/Fannovel16/comfyui_controlnet_aux": {
      "hash": "12f35647f0d510e03b45a47fb420fe1245a575df",
      "disabled": false
    },
    "https://github.com/AlekPet/ComfyUI_Custom_Nodes_AlekPet": {
      "hash": "f75fa7d544ee68eba0cf14a7ebb559a19fcf2f0d",
      "disabled": false
    },
    "https://github.com/cubiq/ComfyUI_essentials": {
      "hash": "9d9f4bedfc9f0321c19faf71855e228c93bd0dc9",
      "disabled": false
    },
    "https://github.com/mirabarukaso/ComfyUI_Mira": {
      "hash": "228bb26cd142be46267d1986b1ba15ab4675e6a4",
      "disabled": false
    },
    "https://github.com/Ttl/ComfyUi_NNLatentUpscale": {
      "hash": "08105da31dbd7a54569661e135835e73bd8064b0",
      "disabled": false
    },
    "https://github.com/BlenderNeko/ComfyUI_Noise": {
      "hash": "0c9ec19b16dc72334cb8ce82c3774aed183048e4",
      "disabled": false
    },
    "https://github.com/TTPlanetPig/Comfyui_TTP_Toolset": {
      "hash": "08fb8b9808b844a0137399b6fd34eec1e13e62d3",
      "disabled": false
    },
    "https://github.com/ssitu/ComfyUI_UltimateSDUpscale": {
      "hash": "c48d60df1ee24b47c4e6acacaf1038aff2698cf3",
      "disabled": false
    },
    "https://github.com/Extraltodeus/pre_cfg_comfy_nodes_for_ComfyUI": {
      "hash": "967b1816462a3f9834887a6295e2daea838d0b62",
      "disabled": false
    },
    "https://github.com/rgthree/rgthree-comfy": {
      "hash": "e9d56181883d4e05c4236f09422582f49abdec86",
      "disabled": false
    },
    "https://github.com/Extraltodeus/Skimmed_CFG": {
      "hash": "2712803a8b721665d43d5aeb4430e5ac0e931091",
      "disabled": false
    },
    "https://github.com/weilin9999/WeiLin-Comfyui-Tools": {
      "hash": "8eeaa174113d994a8e3cda6e9c5a74c677a82ee1",
      "disabled": false
    }
  },
  "cnr_custom_nodes": {},
  "file_custom_nodes": [
    {
      "filename": "websocket_image_save.py",
      "disabled": false
    }
  ],
  "pips": {
    "a2wsgi==1.10.10": "",
    "absl-py==2.3.0": "",
    "accelerate==1.11.0": "",
    "addict==2.4.0": "",
    "aiofiles==24.1.0": "",
    "aiohappyeyeballs==2.6.1": "",
    "aiohttp==3.12.13": "",
    "aiohttp_socks==0.10.1": "",
    "aiosignal==1.3.2": "",
    "aiosqlite==0.21.0": "",
    "albucore==0.0.24": "",
    "albumentations==2.0.8": "",
    "alembic==1.16.2": "",
    "altgraph==0.17.5": "",
    "annotated-doc==0.0.3": "",
    "annotated-types==0.7.0": "",
    "antlr4-python3-runtime==4.9.3": "",
    "anyio==4.9.0": "",
    "argostranslate==1.9.6": "",
    "arrow==1.4.0": "",
    "asgiref==3.10.0": "",
    "attrs==25.3.0": "",
    "av==14.4.0": "",
    "beautifulsoup4==4.13.4": "",
    "bentoml==1.4.28": "",
    "binaryornot==0.4.4": "",
    "cachetools==6.1.0": "",
    "cattrs==23.1.2": "",
    "certifi==2025.6.15": "",
    "cffi==1.17.1": "",
    "chardet==5.2.0": "",
    "charset-normalizer==3.4.2": "",
    "click==8.1.8": "",
    "click-option-group==0.5.9": "",
    "clip-interrogator==0.6.0": "",
    "cloudpickle==3.1.2": "",
    "cmake==4.1.0": "",
    "color-matcher==0.6.0": "",
    "colorama==0.4.6": "",
    "coloredlogs==15.0.1": "",
    "colorlog==6.9.0": "",
    "colour-science==0.4.6": "",
    "comfy-cli==1.5.3": "",
    "comfy-pack==0.4.3": "",
    "comfyui-embedded-docs==0.3.1": "",
    "comfyui-workflow-templates-core==0.3.12": "",
    "comfyui-workflow-templates-media-api==0.3.14": "",
    "comfyui-workflow-templates-media-image==0.3.17": "",
    "comfyui-workflow-templates-media-other==0.3.15": "",
    "comfyui-workflow-templates-media-video==0.3.12": "",
    "comfyui_frontend_package==1.32.10": "",
    "comfyui_workflow_templates==0.7.25": "",
    "contourpy==1.3.2": "",
    "cookiecutter==2.6.0": "",
    "cryptography==45.0.4": "",
    "cssselect2==0.8.0": "",
    "cstr": "git+https://github.com/ltdrdata/cstr@0520c29a18a7a869a6e5983861d6f7a4c86f8e9b",
    "ctranslate2==4.6.0": "",
    "cycler==0.12.1": "",
    "Cython==3.1.2": "",
    "ddt==1.7.2": "",
    "deep-translator==1.11.4": "",
    "Deprecated==1.2.18": "",
    "diffusers==0.35.2": "",
    "dill==0.4.0": "",
    "docutils==0.21.2": "",
    "duckduckgo_search==8.1.1": "",
    "easydict==1.13": "",
    "einops==0.8.1": "",
    "facexlib==0.3.0": "",
    "fairscale==0.4.13": "",
    "fastapi==0.121.1": "",
    "ffmpy": "git+https://github.com/ltdrdata/ffmpy.git@f000737698b387ffaeab7cd871b0e9185811230d",
    "filelock==3.13.1": "",
    "filterpy==1.4.5": "",
    "flatbuffers==25.2.10": "",
    "fonttools==4.58.4": "",
    "frozenlist==1.7.0": "",
    "fsspec==2025.10.0": "",
    "ftfy==6.3.1": "",
    "future==1.0.0": "",
    "fvcore==0.1.5.post20221221": "",
    "gdown==5.2.0": "",
    "gguf==0.17.1": "",
    "gitdb==4.0.12": "",
    "GitPython==3.1.44": "",
    "googletrans-py==4.0.0": "",
    "greenlet==3.2.3": "",
    "groundingdino-py==0.4.0": "",
    "h11==0.16.0": "",
    "h2==4.2.0": "",
    "hpack==4.1.0": "",
    "httpcore==1.0.9": "",
    "httpx==0.28.1": "",
    "httpx-ws==0.8.2": "",
    "huggingface-hub==0.36.0": "",
    "humanfriendly==10.0": "",
    "hydra-core==1.3.2": "",
    "hyperframe==6.1.0": "",
    "idna==3.10": "",
    "imageio==2.37.0": "",
    "img2texture": "git+https://github.com/ltdrdata/img2texture.git@d6159abea44a0b2cf77454d3d46962c8b21eb9d3",
    "importlib_metadata==8.7.0": "",
    "insightface==0.7.3": "",
    "iopath==0.1.10": "",
    "jax==0.6.2": "",
    "jaxlib==0.6.2": "",
    "Jinja2==3.1.4": "",
    "joblib==1.5.1": "",
    "jsonschema==4.24.0": "",
    "jsonschema-specifications==2025.4.1": "",
    "kantoku==0.18.3": "",
    "kiwisolver==1.4.8": "",
    "kornia==0.8.1": "",
    "kornia_rs==0.1.9": "",
    "lark==1.3.0": "",
    "lazy_loader==0.4": "",
    "llvmlite==0.45.0": "",
    "lxml==6.0.0": "",
    "Mako==1.3.10": "",
    "manifold3d==3.1.1": "",
    "mapbox_earcut==1.0.3": "",
    "markdown-it-py==3.0.0": "",
    "MarkupSafe==2.1.5": "",
    "matplotlib==3.10.3": "",
    "matrix-client==0.4.0": "",
    "matrix-nio==0.25.2": "",
    "mdurl==0.1.2": "",
    "mediapipe==0.10.21": "",
    "mixpanel==5.0.0": "",
    "ml_dtypes==0.5.1": "",
    "mpmath==1.3.0": "",
    "mss==10.0.0": "",
    "multidict==6.6.2": "",
    "natsort==8.4.0": "",
    "networkx==3.3": "",
    "numba==0.62.0": "",
    "numpy==1.26.4": "",
    "nunchaku": "https://modelscope.cn/models/nunchaku-tech/nunchaku/resolve/master/nunchaku-1.0.2+torch2.8-cp312-cp312-win_amd64.whl",
    "nvidia-ml-py==13.580.82": "",
    "olefile==0.47": "",
    "omegaconf==2.3.0": "",
    "onnx==1.18.0": "",
    "onnxruntime==1.22.0": "",
    "onnxruntime-gpu==1.22.0": "",
    "open_clip_torch==3.2.0": "",
    "opencv-contrib-python-headless==4.11.0.86": "",
    "opencv-python==4.12.0.88": "",
    "opentelemetry-api==1.38.0": "",
    "opentelemetry-instrumentation==0.59b0": "",
    "opentelemetry-instrumentation-aiohttp-client==0.59b0": "",
    "opentelemetry-instrumentation-asgi==0.59b0": "",
    "opentelemetry-sdk==1.38.0": "",
    "opentelemetry-semantic-conventions==0.59b0": "",
    "opentelemetry-util-http==0.59b0": "",
    "opt_einsum==3.4.0": "",
    "packaging==25.0": "",
    "pathspec==0.12.1": "",
    "pefile==2024.8.26": "",
    "peft==0.17.0": "",
    "piexif==1.1.3": "",
    "pilgram==1.2.1": "",
    "pillow==11.0.0": "",
    "pip-requirements-parser==32.0.1": "",
    "pixeloe==0.1.4": "",
    "platformdirs==4.3.8": "",
    "polars==1.33.1": "",
    "pooch==1.8.2": "",
    "portalocker==3.2.0": "",
    "prettytable==3.16.0": "",
    "primp==0.15.0": "",
    "prometheus_client==0.23.1": "",
    "prompt_toolkit==3.0.52": "",
    "propcache==0.3.2": "",
    "protobuf==4.25.8": "",
    "psutil==7.0.0": "",
    "pycocotools==2.0.10": "",
    "pycollada==0.9.1": "",
    "pycparser==2.22": "",
    "pycryptodome==3.23.0": "",
    "pydantic==2.11.7": "",
    "pydantic-settings==2.10.1": "",
    "pydantic_core==2.33.2": "",
    "PyGithub==2.6.1": "",
    "Pygments==2.19.2": "",
    "pyinstaller==6.17.0": "",
    "pyinstaller-hooks-contrib==2025.10": "",
    "PyJWT==2.10.1": "",
    "pyloudnorm==0.1.1": "",
    "PyMatting==1.1.14": "",
    "PyNaCl==1.5.0": "",
    "pyparsing==3.2.3": "",
    "pyreadline3==3.5.4": "",
    "PySocks==1.7.1": "",
    "python-dateutil==2.9.0.post0": "",
    "python-dotenv==1.1.1": "",
    "python-json-logger==4.0.0": "",
    "python-multipart==0.0.20": "",
    "python-slugify==8.0.4": "",
    "python-socks==2.7.1": "",
    "pywin32==310": "",
    "pywin32-ctypes==0.2.3": "",
    "PyYAML==6.0.2": "",
    "pyzmq==27.1.0": "",
    "questionary==2.1.1": "",
    "referencing==0.36.2": "",
    "regex==2024.11.6": "",
    "rembg==2.0.66": "",
    "reportlab==4.4.2": "",
    "requests==2.32.4": "",
    "rich==14.0.0": "",
    "rich-toolkit==0.15.1": "",
    "rotary-embedding-torch==0.8.9": "",
    "rpds-py==0.25.1": "",
    "rtree==1.4.0": "",
    "ruff==0.14.4": "",
    "sacremoses==0.0.53": "",
    "safetensors==0.5.3": "",
    "SAM-2": "git+https://github.com/facebookresearch/sam2@2b90b9f5ceec907a1c18123530e92e794ad901a4",
    "schema==0.7.8": "",
    "scikit-image==0.25.2": "",
    "scikit-learn==1.7.0": "",
    "scipy==1.16.0": "",
    "segment-anything==1.0": "",
    "semver==3.0.4": "",
    "sentencepiece==0.2.0": "",
    "sentry-sdk==2.43.0": "",
    "setuptools==70.2.0": "",
    "shapely==2.1.1": "",
    "shellingham==1.5.4": "",
    "simple-di==0.1.5": "",
    "simsimd==6.4.9": "",
    "six==1.17.0": "",
    "smmap==5.0.2": "",
    "sniffio==1.3.1": "",
    "sounddevice==0.5.2": "",
    "soundfile==0.13.1": "",
    "soupsieve==2.7": "",
    "spandrel==0.4.1": "",
    "SQLAlchemy==2.0.41": "",
    "stanza==1.1.1": "",
    "starlette==0.49.3": "",
    "stringzilla==3.12.5": "",
    "supervision==0.6.0": "",
    "svg.path==6.3": "",
    "svglib==1.5.1": "",
    "sympy==1.13.3": "",
    "tabulate==0.9.0": "",
    "termcolor==3.1.0": "",
    "text-unidecode==1.3": "",
    "threadpoolctl==3.6.0": "",
    "tifffile==2025.6.11": "",
    "timm==1.0.20": "",
    "tinycss2==1.4.0": "",
    "tokenizers==0.22.1": "",
    "toml==0.10.2": "",
    "tomli==2.2.1": "",
    "tomli_w==1.2.0": "",
    "tomlkit==0.13.3": "",
    "torch==2.8.0+cu129": "",
    "torchaudio==2.8.0+cu129": "",
    "torchsde==0.2.6": "",
    "torchvision==0.23.0+cu129": "",
    "tornado==6.5.2": "",
    "tqdm==4.67.1": "",
    "trampoline==0.1.2": "",
    "transformers==4.56.2": "",
    "transparent-background==1.3.4": "",
    "trimesh==4.6.13": "",
    "triton-windows==3.5.0.post21": "",
    "typer==0.16.0": "",
    "typing-inspection==0.4.1": "",
    "typing_extensions==4.12.2": "",
    "tzdata==2025.2": "",
    "ultralytics==8.3.203": "",
    "ultralytics-thop==2.0.17": "",
    "unpaddedbase64==2.1.0": "",
    "urllib3==1.26.20": "",
    "uuid7==0.1.0": "",
    "uv==0.7.17": "",
    "uvicorn==0.38.0": "",
    "vhacdx==0.0.8.post2": "",
    "wandb==0.22.3": "",
    "watchfiles==1.1.1": "",
    "wcwidth==0.2.13": "",
    "webcolors==24.11.1": "",
    "webencodings==0.5.1": "",
    "websocket-client==1.9.0": "",
    "wget==3.2": "",
    "wrapt==1.17.2": "",
    "wsproto==1.2.0": "",
    "xxhash==3.5.0": "",
    "yacs==0.1.8": "",
    "yapf==0.43.0": "",
    "yarl==1.20.1": "",
    "zipp==3.23.0": ""
  },
  "python": "3.12",
  "models": []
}